"BA Code","Timestamp (Hour Ending)","Demand (MWh)"
NYIS,"10/26/2025 12 a.m. EDT",14179
NYIS,"10/26/2025 1 a.m. EDT",13647
NYIS,"10/26/2025 2 a.m. EDT",13250
NYIS,"10/26/2025 3 a.m. EDT",12959
NYIS,"10/26/2025 4 a.m. EDT",12809
NYIS,"10/26/2025 5 a.m. EDT",12822
NYIS,"10/26/2025 6 a.m. EDT",12984
NYIS,"10/26/2025 7 a.m. EDT",13477
NYIS,"10/26/2025 8 a.m. EDT",14006
NYIS,"10/26/2025 9 a.m. EDT",14083
NYIS,"10/26/2025 10 a.m. EDT",13493
NYIS,"10/26/2025 11 a.m. EDT",12863
NYIS,"10/26/2025 12 p.m. EDT",12492
NYIS,"10/26/2025 1 p.m. EDT",12474
NYIS,"10/26/2025 2 p.m. EDT",12620
NYIS,"10/26/2025 3 p.m. EDT",12788
NYIS,"10/26/2025 4 p.m. EDT",13237
NYIS,"10/26/2025 5 p.m. EDT",14330
NYIS,"10/26/2025 6 p.m. EDT",15753
NYIS,"10/26/2025 7 p.m. EDT",16642
NYIS,"10/26/2025 8 p.m. EDT",16698
NYIS,"10/26/2025 9 p.m. EDT",16398
NYIS,"10/26/2025 10 p.m. EDT",15855
NYIS,"10/26/2025 11 p.m. EDT",15090
NYIS,"10/27/2025 12 a.m. EDT",14330
NYIS,"10/27/2025 1 a.m. EDT",13816
NYIS,"10/27/2025 2 a.m. EDT",13437
NYIS,"10/27/2025 3 a.m. EDT",13243
NYIS,"10/27/2025 4 a.m. EDT",13173
NYIS,"10/27/2025 5 a.m. EDT",13470
NYIS,"10/27/2025 6 a.m. EDT",14295
NYIS,"10/27/2025 7 a.m. EDT",15865
NYIS,"10/27/2025 8 a.m. EDT",17041
NYIS,"10/27/2025 9 a.m. EDT",16873
NYIS,"10/27/2025 10 a.m. EDT",15885
NYIS,"10/27/2025 11 a.m. EDT",15052
NYIS,"10/27/2025 12 p.m. EDT",14568
NYIS,"10/27/2025 1 p.m. EDT",14282
NYIS,"10/27/2025 2 p.m. EDT",14124
NYIS,"10/27/2025 3 p.m. EDT",14119
NYIS,"10/27/2025 4 p.m. EDT",14539
NYIS,"10/27/2025 5 p.m. EDT",15758
NYIS,"10/27/2025 6 p.m. EDT",17326
NYIS,"10/27/2025 7 p.m. EDT",18083
NYIS,"10/27/2025 8 p.m. EDT",17977
NYIS,"10/27/2025 9 p.m. EDT",17498
NYIS,"10/27/2025 10 p.m. EDT",16743
NYIS,"10/27/2025 11 p.m. EDT",15773
NYIS,"10/28/2025 12 a.m. EDT",14801
NYIS,"10/28/2025 1 a.m. EDT",14183
NYIS,"10/28/2025 2 a.m. EDT",13776
NYIS,"10/28/2025 3 a.m. EDT",13505
NYIS,"10/28/2025 4 a.m. EDT",13401
NYIS,"10/28/2025 5 a.m. EDT",13629
NYIS,"10/28/2025 6 a.m. EDT",14470
NYIS,"10/28/2025 7 a.m. EDT",16019
NYIS,"10/28/2025 8 a.m. EDT",17127
NYIS,"10/28/2025 9 a.m. EDT",16892
NYIS,"10/28/2025 10 a.m. EDT",15730
NYIS,"10/28/2025 11 a.m. EDT",14977
NYIS,"10/28/2025 12 p.m. EDT",14963
NYIS,"10/28/2025 1 p.m. EDT",14974
NYIS,"10/28/2025 2 p.m. EDT",14803
NYIS,"10/28/2025 3 p.m. EDT",14615
NYIS,"10/28/2025 4 p.m. EDT",14884
NYIS,"10/28/2025 5 p.m. EDT",15980
NYIS,"10/28/2025 6 p.m. EDT",17461
NYIS,"10/28/2025 7 p.m. EDT",18190
NYIS,"10/28/2025 8 p.m. EDT",18066
NYIS,"10/28/2025 9 p.m. EDT",17553
NYIS,"10/28/2025 10 p.m. EDT",16792
NYIS,"10/28/2025 11 p.m. EDT",15803
NYIS,"10/29/2025 12 a.m. EDT",14830
NYIS,"10/29/2025 1 a.m. EDT",14158
NYIS,"10/29/2025 2 a.m. EDT",13743
NYIS,"10/29/2025 3 a.m. EDT",13469
NYIS,"10/29/2025 4 a.m. EDT",13368
NYIS,"10/29/2025 5 a.m. EDT",13572
NYIS,"10/29/2025 6 a.m. EDT",14351
NYIS,"10/29/2025 7 a.m. EDT",15860
NYIS,"10/29/2025 8 a.m. EDT",16965
NYIS,"10/29/2025 9 a.m. EDT",16934
NYIS,"10/29/2025 10 a.m. EDT",16122
NYIS,"10/29/2025 11 a.m. EDT",15480
NYIS,"10/29/2025 12 p.m. EDT",15173
NYIS,"10/29/2025 1 p.m. EDT",15108
NYIS,"10/29/2025 2 p.m. EDT",15032
NYIS,"10/29/2025 3 p.m. EDT",14987
NYIS,"10/29/2025 4 p.m. EDT",15288
NYIS,"10/29/2025 5 p.m. EDT",16172
NYIS,"10/29/2025 6 p.m. EDT",17458
NYIS,"10/29/2025 7 p.m. EDT",18034
NYIS,"10/29/2025 8 p.m. EDT",17822
NYIS,"10/29/2025 9 p.m. EDT",17334
NYIS,"10/29/2025 10 p.m. EDT",16583
NYIS,"10/29/2025 11 p.m. EDT",15605
NYIS,"10/30/2025 12 a.m. EDT",14634
NYIS,"10/30/2025 1 a.m. EDT",13975
NYIS,"10/30/2025 2 a.m. EDT",13527
NYIS,"10/30/2025 3 a.m. EDT",13229
NYIS,"10/30/2025 4 a.m. EDT",13135
NYIS,"10/30/2025 5 a.m. EDT",13311
NYIS,"10/30/2025 6 a.m. EDT",14032
NYIS,"10/30/2025 7 a.m. EDT",15454
NYIS,"10/30/2025 8 a.m. EDT",16722
NYIS,"10/30/2025 9 a.m. EDT",17307
NYIS,"10/30/2025 10 a.m. EDT",17581
NYIS,"10/30/2025 11 a.m. EDT",17725
NYIS,"10/30/2025 12 p.m. EDT",17668
NYIS,"10/30/2025 1 p.m. EDT",17519
NYIS,"10/30/2025 2 p.m. EDT",17715
NYIS,"10/30/2025 3 p.m. EDT",17745
NYIS,"10/30/2025 4 p.m. EDT",17776
NYIS,"10/30/2025 5 p.m. EDT",17968
NYIS,"10/30/2025 6 p.m. EDT",18125
NYIS,"10/30/2025 7 p.m. EDT",18240
NYIS,"10/30/2025 8 p.m. EDT",17831
NYIS,"10/30/2025 9 p.m. EDT",17335
NYIS,"10/30/2025 10 p.m. EDT",16587
NYIS,"10/30/2025 11 p.m. EDT",15625
NYIS,"10/31/2025 12 a.m. EDT",14682
NYIS,"10/31/2025 1 a.m. EDT",13997
NYIS,"10/31/2025 2 a.m. EDT",13502
NYIS,"10/31/2025 3 a.m. EDT",13187
NYIS,"10/31/2025 4 a.m. EDT",13062
NYIS,"10/31/2025 5 a.m. EDT",13200
NYIS,"10/31/2025 6 a.m. EDT",13867
NYIS,"10/31/2025 7 a.m. EDT",15252
NYIS,"10/31/2025 8 a.m. EDT",16272
NYIS,"10/31/2025 9 a.m. EDT",16619
NYIS,"10/31/2025 10 a.m. EDT",16813
NYIS,"10/31/2025 11 a.m. EDT",16876
NYIS,"10/31/2025 12 p.m. EDT",16734
NYIS,"10/31/2025 1 p.m. EDT",16489
NYIS,"10/31/2025 2 p.m. EDT",16442
NYIS,"10/31/2025 3 p.m. EDT",16420
NYIS,"10/31/2025 4 p.m. EDT",16586
NYIS,"10/31/2025 5 p.m. EDT",16914
NYIS,"10/31/2025 6 p.m. EDT",17255
NYIS,"10/31/2025 7 p.m. EDT",17307
NYIS,"10/31/2025 8 p.m. EDT",17075
NYIS,"10/31/2025 9 p.m. EDT",16723
NYIS,"10/31/2025 10 p.m. EDT",16175
NYIS,"10/31/2025 11 p.m. EDT",15437
NYIS,"11/1/2025 12 a.m. EDT",14633
NYIS,"11/1/2025 1 a.m. EDT",14008
NYIS,"11/1/2025 2 a.m. EDT",13581
NYIS,"11/1/2025 3 a.m. EDT",13289
NYIS,"11/1/2025 4 a.m. EDT",13174
NYIS,"11/1/2025 5 a.m. EDT",13199
NYIS,"11/1/2025 6 a.m. EDT",13474
NYIS,"11/1/2025 7 a.m. EDT",14105
NYIS,"11/1/2025 8 a.m. EDT",14750
NYIS,"11/1/2025 9 a.m. EDT",14956
NYIS,"11/1/2025 10 a.m. EDT",14696
NYIS,"11/1/2025 11 a.m. EDT",14307
NYIS,"11/1/2025 12 p.m. EDT",14116
NYIS,"11/1/2025 1 p.m. EDT",14095
NYIS,"11/1/2025 2 p.m. EDT",13984
NYIS,"11/1/2025 3 p.m. EDT",14215
NYIS,"11/1/2025 4 p.m. EDT",14653
NYIS,"11/1/2025 5 p.m. EDT",15348
NYIS,"11/1/2025 6 p.m. EDT",16201
NYIS,"11/1/2025 7 p.m. EDT",16796
NYIS,"11/1/2025 8 p.m. EDT",16673
NYIS,"11/1/2025 9 p.m. EDT",16334
NYIS,"11/1/2025 10 p.m. EDT",15890
NYIS,"11/1/2025 11 p.m. EDT",15329
NYIS,"11/2/2025 12 a.m. EDT",14684
NYIS,"11/2/2025 1 a.m. EDT",14137
NYIS,"11/2/2025 1 a.m. EST",13660
NYIS,"11/2/2025 2 a.m. EST",13285
NYIS,"11/2/2025 3 a.m. EST",13165
NYIS,"11/2/2025 4 a.m. EST",13118
NYIS,"11/2/2025 5 a.m. EST",13239
NYIS,"11/2/2025 6 a.m. EST",13602
NYIS,"11/2/2025 7 a.m. EST",14100
NYIS,"11/2/2025 8 a.m. EST",14187
NYIS,"11/2/2025 9 a.m. EST",13811
NYIS,"11/2/2025 10 a.m. EST",13408
NYIS,"11/2/2025 11 a.m. EST",13035
NYIS,"11/2/2025 12 p.m. EST",12804
NYIS,"11/2/2025 1 p.m. EST",12647
NYIS,"11/2/2025 2 p.m. EST",12703
NYIS,"11/2/2025 3 p.m. EST",13173
NYIS,"11/2/2025 4 p.m. EST",14449
NYIS,"11/2/2025 5 p.m. EST",15971
NYIS,"11/2/2025 6 p.m. EST",16977
NYIS,"11/2/2025 7 p.m. EST",16967
NYIS,"11/2/2025 8 p.m. EST",16584
NYIS,"11/2/2025 9 p.m. EST",16262
NYIS,"11/2/2025 10 p.m. EST",15657
NYIS,"11/2/2025 11 p.m. EST",14875
NYIS,"11/3/2025 12 a.m. EST",14162
NYIS,"11/3/2025 1 a.m. EST",13722
NYIS,"11/3/2025 2 a.m. EST",13396
NYIS,"11/3/2025 3 a.m. EST",13198
NYIS,"11/3/2025 4 a.m. EST",13164
NYIS,"11/3/2025 5 a.m. EST",13453
NYIS,"11/3/2025 6 a.m. EST",14432
NYIS,"11/3/2025 7 a.m. EST",15932
NYIS,"11/3/2025 8 a.m. EST",16531
NYIS,"11/3/2025 9 a.m. EST",16218
NYIS,"11/3/2025 10 a.m. EST",15849
NYIS,"11/3/2025 11 a.m. EST",15799
NYIS,"11/3/2025 12 p.m. EST",16130
NYIS,"11/3/2025 1 p.m. EST",16488
NYIS,"11/3/2025 2 p.m. EST",16756
NYIS,"11/3/2025 3 p.m. EST",17065
NYIS,"11/3/2025 4 p.m. EST",17198
NYIS,"11/3/2025 5 p.m. EST",17846
NYIS,"11/3/2025 6 p.m. EST",18437
NYIS,"11/3/2025 7 p.m. EST",18211
NYIS,"11/3/2025 8 p.m. EST",17747
NYIS,"11/3/2025 9 p.m. EST",17233
NYIS,"11/3/2025 10 p.m. EST",16447
NYIS,"11/3/2025 11 p.m. EST",15546
NYIS,"11/4/2025 12 a.m. EST",14682
NYIS,"11/4/2025 1 a.m. EST",14052
NYIS,"11/4/2025 2 a.m. EST",13634
NYIS,"11/4/2025 3 a.m. EST",13388
NYIS,"11/4/2025 4 a.m. EST",13314
NYIS,"11/4/2025 5 a.m. EST",13563
NYIS,"11/4/2025 6 a.m. EST",14395
NYIS,"11/4/2025 7 a.m. EST",15659
NYIS,"11/4/2025 8 a.m. EST",16074
NYIS,"11/4/2025 9 a.m. EST",15170
NYIS,"11/4/2025 10 a.m. EST",14357
NYIS,"11/4/2025 11 a.m. EST",14086
NYIS,"11/4/2025 12 p.m. EST",14101
NYIS,"11/4/2025 1 p.m. EST",14216
NYIS,"11/4/2025 2 p.m. EST",14485
NYIS,"11/4/2025 3 p.m. EST",14944
NYIS,"11/4/2025 4 p.m. EST",16065
NYIS,"11/4/2025 5 p.m. EST",17317
NYIS,"11/4/2025 6 p.m. EST",18211
NYIS,"11/4/2025 7 p.m. EST",18110
NYIS,"11/4/2025 8 p.m. EST",17720
NYIS,"11/4/2025 9 p.m. EST",17158
NYIS,"11/4/2025 10 p.m. EST",16400
NYIS,"11/4/2025 11 p.m. EST",15503
NYIS,"11/5/2025 12 a.m. EST",14679
NYIS,"11/5/2025 1 a.m. EST",14099
NYIS,"11/5/2025 2 a.m. EST",13673
NYIS,"11/5/2025 3 a.m. EST",13400
NYIS,"11/5/2025 4 a.m. EST",13314
NYIS,"11/5/2025 5 a.m. EST",13553
NYIS,"11/5/2025 6 a.m. EST",14402
NYIS,"11/5/2025 7 a.m. EST",15775
NYIS,"11/5/2025 8 a.m. EST",16628
NYIS,"11/5/2025 9 a.m. EST",16867
NYIS,"11/5/2025 10 a.m. EST",16618
NYIS,"11/5/2025 11 a.m. EST",16167
NYIS,"11/5/2025 12 p.m. EST",15996
NYIS,"11/5/2025 1 p.m. EST",16176
NYIS,"11/5/2025 2 p.m. EST",16385
NYIS,"11/5/2025 3 p.m. EST",16651
NYIS,"11/5/2025 4 p.m. EST",17179
NYIS,"11/5/2025 5 p.m. EST",17822
NYIS,"11/5/2025 6 p.m. EST",18371
NYIS,"11/5/2025 7 p.m. EST",18130
NYIS,"11/5/2025 8 p.m. EST",17670
NYIS,"11/5/2025 9 p.m. EST",17112
NYIS,"11/5/2025 10 p.m. EST",16319
NYIS,"11/5/2025 11 p.m. EST",15409
NYIS,"11/6/2025 12 a.m. EST",14466
NYIS,"11/6/2025 1 a.m. EST",13829
NYIS,"11/6/2025 2 a.m. EST",13467
NYIS,"11/6/2025 3 a.m. EST",13223
NYIS,"11/6/2025 4 a.m. EST",13160
NYIS,"11/6/2025 5 a.m. EST",13386
NYIS,"11/6/2025 6 a.m. EST",14223
NYIS,"11/6/2025 7 a.m. EST",15660
NYIS,"11/6/2025 8 a.m. EST",16330
NYIS,"11/6/2025 9 a.m. EST",16089
NYIS,"11/6/2025 10 a.m. EST",15601
NYIS,"11/6/2025 11 a.m. EST",15493
NYIS,"11/6/2025 12 p.m. EST",15599
NYIS,"11/6/2025 1 p.m. EST",15530
NYIS,"11/6/2025 2 p.m. EST",15750
NYIS,"11/6/2025 3 p.m. EST",16077
NYIS,"11/6/2025 4 p.m. EST",16814
NYIS,"11/6/2025 5 p.m. EST",17867
NYIS,"11/6/2025 6 p.m. EST",18665
NYIS,"11/6/2025 7 p.m. EST",18509
NYIS,"11/6/2025 8 p.m. EST",18160
NYIS,"11/6/2025 9 p.m. EST",17648
NYIS,"11/6/2025 10 p.m. EST",16945
NYIS,"11/6/2025 11 p.m. EST",16065
NYIS,"11/7/2025 12 a.m. EST",15188
NYIS,"11/7/2025 1 a.m. EST",14601
NYIS,"11/7/2025 2 a.m. EST",14189
NYIS,"11/7/2025 3 a.m. EST",13903
NYIS,"11/7/2025 4 a.m. EST",13815
NYIS,"11/7/2025 5 a.m. EST",14034
NYIS,"11/7/2025 6 a.m. EST",14918
NYIS,"11/7/2025 7 a.m. EST",16317
NYIS,"11/7/2025 8 a.m. EST",16901
NYIS,"11/7/2025 9 a.m. EST",16723
NYIS,"11/7/2025 10 a.m. EST",16248
NYIS,"11/7/2025 11 a.m. EST",15809
NYIS,"11/7/2025 12 p.m. EST",15821
NYIS,"11/7/2025 1 p.m. EST",15879
NYIS,"11/7/2025 2 p.m. EST",16223
NYIS,"11/7/2025 3 p.m. EST",16750
NYIS,"11/7/2025 4 p.m. EST",17204
NYIS,"11/7/2025 5 p.m. EST",17740
NYIS,"11/7/2025 6 p.m. EST",18136
NYIS,"11/7/2025 7 p.m. EST",17787
NYIS,"11/7/2025 8 p.m. EST",17307
NYIS,"11/7/2025 9 p.m. EST",16758
NYIS,"11/7/2025 10 p.m. EST",16145
NYIS,"11/7/2025 11 p.m. EST",15353
NYIS,"11/8/2025 12 a.m. EST",14517
NYIS,"11/8/2025 1 a.m. EST",13822
NYIS,"11/8/2025 2 a.m. EST",13341
NYIS,"11/8/2025 3 a.m. EST",13022
NYIS,"11/8/2025 4 a.m. EST",12857
NYIS,"11/8/2025 5 a.m. EST",12859
NYIS,"11/8/2025 6 a.m. EST",13145
NYIS,"11/8/2025 7 a.m. EST",13679
NYIS,"11/8/2025 8 a.m. EST",14166
NYIS,"11/8/2025 9 a.m. EST",14124
NYIS,"11/8/2025 10 a.m. EST",13805
NYIS,"11/8/2025 11 a.m. EST",13477
NYIS,"11/8/2025 12 p.m. EST",13296
NYIS,"11/8/2025 1 p.m. EST",13203
NYIS,"11/8/2025 2 p.m. EST",13534
NYIS,"11/8/2025 3 p.m. EST",14197
NYIS,"11/8/2025 4 p.m. EST",15148
NYIS,"11/8/2025 5 p.m. EST",16050
NYIS,"11/8/2025 6 p.m. EST",16679
NYIS,"11/8/2025 7 p.m. EST",16556
NYIS,"11/8/2025 8 p.m. EST",16257
NYIS,"11/8/2025 9 p.m. EST",15882
NYIS,"11/8/2025 10 p.m. EST",15412
NYIS,"11/8/2025 11 p.m. EST",14813
NYIS,"11/9/2025 12 a.m. EST",14184
NYIS,"11/9/2025 1 a.m. EST",13658
NYIS,"11/9/2025 2 a.m. EST",13258
NYIS,"11/9/2025 3 a.m. EST",12978
NYIS,"11/9/2025 4 a.m. EST",12808
NYIS,"11/9/2025 5 a.m. EST",12812
NYIS,"11/9/2025 6 a.m. EST",13073
NYIS,"11/9/2025 7 a.m. EST",13489
NYIS,"11/9/2025 8 a.m. EST",13908
NYIS,"11/9/2025 9 a.m. EST",14312
NYIS,"11/9/2025 10 a.m. EST",14728
NYIS,"11/9/2025 11 a.m. EST",15054
NYIS,"11/9/2025 12 p.m. EST",15541
NYIS,"11/9/2025 1 p.m. EST",15914
NYIS,"11/9/2025 2 p.m. EST",16130
NYIS,"11/9/2025 3 p.m. EST",16359
NYIS,"11/9/2025 4 p.m. EST",16604
NYIS,"11/9/2025 5 p.m. EST",17139
NYIS,"11/9/2025 6 p.m. EST",17627
NYIS,"11/9/2025 7 p.m. EST",17444
NYIS,"11/9/2025 8 p.m. EST",17076
NYIS,"11/9/2025 9 p.m. EST",16597
NYIS,"11/9/2025 10 p.m. EST",15956
NYIS,"11/9/2025 11 p.m. EST",15147
NYIS,"11/10/2025 12 a.m. EST",14363
NYIS,"11/10/2025 1 a.m. EST",13842
NYIS,"11/10/2025 2 a.m. EST",13482
NYIS,"11/10/2025 3 a.m. EST",13231
NYIS,"11/10/2025 4 a.m. EST",13168
NYIS,"11/10/2025 5 a.m. EST",13392
NYIS,"11/10/2025 6 a.m. EST",14159
NYIS,"11/10/2025 7 a.m. EST",15579
NYIS,"11/10/2025 8 a.m. EST",16633
NYIS,"11/10/2025 9 a.m. EST",17197
NYIS,"11/10/2025 10 a.m. EST",17507
NYIS,"11/10/2025 11 a.m. EST",17630
NYIS,"11/10/2025 12 p.m. EST",17825
NYIS,"11/10/2025 1 p.m. EST",17962
NYIS,"11/10/2025 2 p.m. EST",18021
NYIS,"11/10/2025 3 p.m. EST",18093
NYIS,"11/10/2025 4 p.m. EST",18234
NYIS,"11/10/2025 5 p.m. EST",18734
NYIS,"11/10/2025 6 p.m. EST",19372
NYIS,"11/10/2025 7 p.m. EST",19224
NYIS,"11/10/2025 8 p.m. EST",18840
NYIS,"11/10/2025 9 p.m. EST",18330
NYIS,"11/10/2025 10 p.m. EST",17624
NYIS,"11/10/2025 11 p.m. EST",16741
NYIS,"11/11/2025 12 a.m. EST",15861
NYIS,"11/11/2025 1 a.m. EST",15251
NYIS,"11/11/2025 2 a.m. EST",14813
NYIS,"11/11/2025 3 a.m. EST",14550
NYIS,"11/11/2025 4 a.m. EST",14470
NYIS,"11/11/2025 5 a.m. EST",14703
NYIS,"11/11/2025 6 a.m. EST",15403
NYIS,"11/11/2025 7 a.m. EST",16503
NYIS,"11/11/2025 8 a.m. EST",17395
NYIS,"11/11/2025 9 a.m. EST",17810
NYIS,"11/11/2025 10 a.m. EST",18035
NYIS,"11/11/2025 11 a.m. EST",18237
NYIS,"11/11/2025 12 p.m. EST",18486
NYIS,"11/11/2025 1 p.m. EST",18497
NYIS,"11/11/2025 2 p.m. EST",18622
NYIS,"11/11/2025 3 p.m. EST",18748
NYIS,"11/11/2025 4 p.m. EST",19068
NYIS,"11/11/2025 5 p.m. EST",19754
NYIS,"11/11/2025 6 p.m. EST",20325
NYIS,"11/11/2025 7 p.m. EST",20034
NYIS,"11/11/2025 8 p.m. EST",19543
NYIS,"11/11/2025 9 p.m. EST",18867
NYIS,"11/11/2025 10 p.m. EST",18029
NYIS,"11/11/2025 11 p.m. EST",17017
NYIS,"11/12/2025 12 a.m. EST",16052
NYIS,"11/12/2025 1 a.m. EST",15392
NYIS,"11/12/2025 2 a.m. EST",14922
NYIS,"11/12/2025 3 a.m. EST",14642
NYIS,"11/12/2025 4 a.m. EST",14525
NYIS,"11/12/2025 5 a.m. EST",14745
NYIS,"11/12/2025 6 a.m. EST",15553
NYIS,"11/12/2025 7 a.m. EST",16982
NYIS,"11/12/2025 8 a.m. EST",17966
NYIS,"11/12/2025 9 a.m. EST",18402
NYIS,"11/12/2025 10 a.m. EST",18587
NYIS,"11/12/2025 11 a.m. EST",18663
NYIS,"11/12/2025 12 p.m. EST",18442
NYIS,"11/12/2025 1 p.m. EST",18199
NYIS,"11/12/2025 2 p.m. EST",18030
NYIS,"11/12/2025 3 p.m. EST",18176
NYIS,"11/12/2025 4 p.m. EST",18463
NYIS,"11/12/2025 5 p.m. EST",19007
NYIS,"11/12/2025 6 p.m. EST",19494
NYIS,"11/12/2025 7 p.m. EST",19258
NYIS,"11/12/2025 8 p.m. EST",18816
NYIS,"11/12/2025 9 p.m. EST",18219
NYIS,"11/12/2025 10 p.m. EST",17400
NYIS,"11/12/2025 11 p.m. EST",16359
NYIS,"11/13/2025 12 a.m. EST",15395
NYIS,"11/13/2025 1 a.m. EST",14686
NYIS,"11/13/2025 2 a.m. EST",14211
NYIS,"11/13/2025 3 a.m. EST",13910
NYIS,"11/13/2025 4 a.m. EST",13814
NYIS,"11/13/2025 5 a.m. EST",14039
NYIS,"11/13/2025 6 a.m. EST",14830
NYIS,"11/13/2025 7 a.m. EST",16249
NYIS,"11/13/2025 8 a.m. EST",17193
NYIS,"11/13/2025 9 a.m. EST",17401
NYIS,"11/13/2025 10 a.m. EST",17246
NYIS,"11/13/2025 11 a.m. EST",17319
NYIS,"11/13/2025 12 p.m. EST",17394
NYIS,"11/13/2025 1 p.m. EST",17222
NYIS,"11/13/2025 2 p.m. EST",16983
NYIS,"11/13/2025 3 p.m. EST",17210
NYIS,"11/13/2025 4 p.m. EST",17740
NYIS,"11/13/2025 5 p.m. EST",18593
NYIS,"11/13/2025 6 p.m. EST",19230
NYIS,"11/13/2025 7 p.m. EST",19082
NYIS,"11/13/2025 8 p.m. EST",18725
NYIS,"11/13/2025 9 p.m. EST",18175
NYIS,"11/13/2025 10 p.m. EST",17368
NYIS,"11/13/2025 11 p.m. EST",16406
NYIS,"11/14/2025 12 a.m. EST",15457
NYIS,"11/14/2025 1 a.m. EST",14818
NYIS,"11/14/2025 2 a.m. EST",14380
NYIS,"11/14/2025 3 a.m. EST",14127
NYIS,"11/14/2025 4 a.m. EST",14029
NYIS,"11/14/2025 5 a.m. EST",14257
NYIS,"11/14/2025 6 a.m. EST",15080
NYIS,"11/14/2025 7 a.m. EST",16469
NYIS,"11/14/2025 8 a.m. EST",17131
NYIS,"11/14/2025 9 a.m. EST",16722
NYIS,"11/14/2025 10 a.m. EST",16109
NYIS,"11/14/2025 11 a.m. EST",15987
NYIS,"11/14/2025 12 p.m. EST",16356
NYIS,"11/14/2025 1 p.m. EST",16832
NYIS,"11/14/2025 2 p.m. EST",17046
NYIS,"11/14/2025 3 p.m. EST",17331
NYIS,"11/14/2025 4 p.m. EST",17744
NYIS,"11/14/2025 5 p.m. EST",18383
NYIS,"11/14/2025 6 p.m. EST",18771
NYIS,"11/14/2025 7 p.m. EST",18480
NYIS,"11/14/2025 8 p.m. EST",18072
NYIS,"11/14/2025 9 p.m. EST",17620
NYIS,"11/14/2025 10 p.m. EST",16977
NYIS,"11/14/2025 11 p.m. EST",16253
NYIS,"11/15/2025 12 a.m. EST",15479
NYIS,"11/15/2025 1 a.m. EST",14888
NYIS,"11/15/2025 2 a.m. EST",14470
NYIS,"11/15/2025 3 a.m. EST",14195
NYIS,"11/15/2025 4 a.m. EST",14069
NYIS,"11/15/2025 5 a.m. EST",14180
NYIS,"11/15/2025 6 a.m. EST",14527
NYIS,"11/15/2025 7 a.m. EST",15101
NYIS,"11/15/2025 8 a.m. EST",15383
NYIS,"11/15/2025 9 a.m. EST",15303
NYIS,"11/15/2025 10 a.m. EST",15197
NYIS,"11/15/2025 11 a.m. EST",15086
NYIS,"11/15/2025 12 p.m. EST",15235
NYIS,"11/15/2025 1 p.m. EST",15501
NYIS,"11/15/2025 2 p.m. EST",15636
NYIS,"11/15/2025 3 p.m. EST",15902
NYIS,"11/15/2025 4 p.m. EST",16571
NYIS,"11/15/2025 5 p.m. EST",17345
NYIS,"11/15/2025 6 p.m. EST",17783
NYIS,"11/15/2025 7 p.m. EST",17584
NYIS,"11/15/2025 8 p.m. EST",17276
NYIS,"11/15/2025 9 p.m. EST",16858
NYIS,"11/15/2025 10 p.m. EST",16285
NYIS,"11/15/2025 11 p.m. EST",15552
NYIS,"11/16/2025 12 a.m. EST",14840
NYIS,"11/16/2025 1 a.m. EST",14279
NYIS,"11/16/2025 2 a.m. EST",13756
NYIS,"11/16/2025 3 a.m. EST",13426
NYIS,"11/16/2025 4 a.m. EST",13257
NYIS,"11/16/2025 5 a.m. EST",13267
NYIS,"11/16/2025 6 a.m. EST",13454
NYIS,"11/16/2025 7 a.m. EST",13859
NYIS,"11/16/2025 8 a.m. EST",14261
NYIS,"11/16/2025 9 a.m. EST",14459
NYIS,"11/16/2025 10 a.m. EST",14387
NYIS,"11/16/2025 11 a.m. EST",14608
NYIS,"11/16/2025 12 p.m. EST",14750
NYIS,"11/16/2025 1 p.m. EST",15082
NYIS,"11/16/2025 2 p.m. EST",15432
NYIS,"11/16/2025 3 p.m. EST",15853
NYIS,"11/16/2025 4 p.m. EST",16550
NYIS,"11/16/2025 5 p.m. EST",17552
NYIS,"11/16/2025 6 p.m. EST",18391
NYIS,"11/16/2025 7 p.m. EST",18412
NYIS,"11/16/2025 8 p.m. EST",18152
NYIS,"11/16/2025 9 p.m. EST",17744
NYIS,"11/16/2025 10 p.m. EST",17073
NYIS,"11/16/2025 11 p.m. EST",16230
NYIS,"11/17/2025 12 a.m. EST",15405
NYIS,"11/17/2025 1 a.m. EST",14893
NYIS,"11/17/2025 2 a.m. EST",14502
NYIS,"11/17/2025 3 a.m. EST",14299
NYIS,"11/17/2025 4 a.m. EST",14270
NYIS,"11/17/2025 5 a.m. EST",14613
NYIS,"11/17/2025 6 a.m. EST",15510
NYIS,"11/17/2025 7 a.m. EST",16971
NYIS,"11/17/2025 8 a.m. EST",17853
NYIS,"11/17/2025 9 a.m. EST",17945
NYIS,"11/17/2025 10 a.m. EST",17832
NYIS,"11/17/2025 11 a.m. EST",17775
NYIS,"11/17/2025 12 p.m. EST",17585
NYIS,"11/17/2025 1 p.m. EST",17534
NYIS,"11/17/2025 2 p.m. EST",17787
NYIS,"11/17/2025 3 p.m. EST",18050
NYIS,"11/17/2025 4 p.m. EST",18602
NYIS,"11/17/2025 5 p.m. EST",19445
NYIS,"11/17/2025 6 p.m. EST",20097
NYIS,"11/17/2025 7 p.m. EST",19905
NYIS,"11/17/2025 8 p.m. EST",19473
NYIS,"11/17/2025 9 p.m. EST",18878
NYIS,"11/17/2025 10 p.m. EST",18010
NYIS,"11/17/2025 11 p.m. EST",16999
NYIS,"11/18/2025 12 a.m. EST",15997
NYIS,"11/18/2025 1 a.m. EST",15286
NYIS,"11/18/2025 2 a.m. EST",14834
NYIS,"11/18/2025 3 a.m. EST",14563
NYIS,"11/18/2025 4 a.m. EST",14465
NYIS,"11/18/2025 5 a.m. EST",14697
NYIS,"11/18/2025 6 a.m. EST",15556
NYIS,"11/18/2025 7 a.m. EST",17034
NYIS,"11/18/2025 8 a.m. EST",17829
NYIS,"11/18/2025 9 a.m. EST",17583
NYIS,"11/18/2025 10 a.m. EST",16938
NYIS,"11/18/2025 11 a.m. EST",16601
NYIS,"11/18/2025 12 p.m. EST",16463
NYIS,"11/18/2025 1 p.m. EST",16235
NYIS,"11/18/2025 2 p.m. EST",16441
NYIS,"11/18/2025 3 p.m. EST",16930
NYIS,"11/18/2025 4 p.m. EST",17852
NYIS,"11/18/2025 5 p.m. EST",18986
NYIS,"11/18/2025 6 p.m. EST",19680
NYIS,"11/18/2025 7 p.m. EST",19535
NYIS,"11/18/2025 8 p.m. EST",19219
NYIS,"11/18/2025 9 p.m. EST",18700
NYIS,"11/18/2025 10 p.m. EST",17962
NYIS,"11/18/2025 11 p.m. EST",16989
NYIS,"11/19/2025 12 a.m. EST",16045
NYIS,"11/19/2025 1 a.m. EST",15395
NYIS,"11/19/2025 2 a.m. EST",14919
NYIS,"11/19/2025 3 a.m. EST",14661
NYIS,"11/19/2025 4 a.m. EST",14563
NYIS,"11/19/2025 5 a.m. EST",14838
NYIS,"11/19/2025 6 a.m. EST",15666
NYIS,"11/19/2025 7 a.m. EST",17156
NYIS,"11/19/2025 8 a.m. EST",18083
NYIS,"11/19/2025 9 a.m. EST",17896
NYIS,"11/19/2025 10 a.m. EST",17247
NYIS,"11/19/2025 11 a.m. EST",16637
NYIS,"11/19/2025 12 p.m. EST",16241
NYIS,"11/19/2025 1 p.m. EST",15981
NYIS,"11/19/2025 2 p.m. EST",15950
NYIS,"11/19/2025 3 p.m. EST",16376
NYIS,"11/19/2025 4 p.m. EST",17476
NYIS,"11/19/2025 5 p.m. EST",18740
NYIS,"11/19/2025 6 p.m. EST",19548
NYIS,"11/19/2025 7 p.m. EST",19419
NYIS,"11/19/2025 8 p.m. EST",19166
NYIS,"11/19/2025 9 p.m. EST",18720
NYIS,"11/19/2025 10 p.m. EST",18005
NYIS,"11/19/2025 11 p.m. EST",17077
NYIS,"11/20/2025 12 a.m. EST",16161
NYIS,"11/20/2025 1 a.m. EST",15522
NYIS,"11/20/2025 2 a.m. EST",15095
NYIS,"11/20/2025 3 a.m. EST",14838
NYIS,"11/20/2025 4 a.m. EST",14766
NYIS,"11/20/2025 5 a.m. EST",15049
NYIS,"11/20/2025 6 a.m. EST",15921
NYIS,"11/20/2025 7 a.m. EST",17410
NYIS,"11/20/2025 8 a.m. EST",18170
NYIS,"11/20/2025 9 a.m. EST",17850
NYIS,"11/20/2025 10 a.m. EST",16979
NYIS,"11/20/2025 11 a.m. EST",16239
NYIS,"11/20/2025 12 p.m. EST",15652
NYIS,"11/20/2025 1 p.m. EST",15346
NYIS,"11/20/2025 2 p.m. EST",15324
NYIS,"11/20/2025 3 p.m. EST",15972
NYIS,"11/20/2025 4 p.m. EST",17201
NYIS,"11/20/2025 5 p.m. EST",18575
NYIS,"11/20/2025 6 p.m. EST",19380
NYIS,"11/20/2025 7 p.m. EST",19327
NYIS,"11/20/2025 8 p.m. EST",19082
NYIS,"11/20/2025 9 p.m. EST",18626
NYIS,"11/20/2025 10 p.m. EST",17927
NYIS,"11/20/2025 11 p.m. EST",17009
NYIS,"11/21/2025 12 a.m. EST",16059
NYIS,"11/21/2025 1 a.m. EST",15382
NYIS,"11/21/2025 2 a.m. EST",14905
NYIS,"11/21/2025 3 a.m. EST",14564
NYIS,"11/21/2025 4 a.m. EST",14424
NYIS,"11/21/2025 5 a.m. EST",14584
NYIS,"11/21/2025 6 a.m. EST",15307
NYIS,"11/21/2025 7 a.m. EST",16649
NYIS,"11/21/2025 8 a.m. EST",17670
NYIS,"11/21/2025 9 a.m. EST",18060
NYIS,"11/21/2025 10 a.m. EST",18106
NYIS,"11/21/2025 11 a.m. EST",18033
NYIS,"11/21/2025 12 p.m. EST",17932
NYIS,"11/21/2025 1 p.m. EST",17678
NYIS,"11/21/2025 2 p.m. EST",17521
NYIS,"11/21/2025 3 p.m. EST",17518
NYIS,"11/21/2025 4 p.m. EST",17894
NYIS,"11/21/2025 5 p.m. EST",18504
NYIS,"11/21/2025 6 p.m. EST",18822
NYIS,"11/21/2025 7 p.m. EST",18484
NYIS,"11/21/2025 8 p.m. EST",18055
NYIS,"11/21/2025 9 p.m. EST",17472
NYIS,"11/21/2025 10 p.m. EST",16858
NYIS,"11/21/2025 11 p.m. EST",16093
NYIS,"11/22/2025 12 a.m. EST",15256
NYIS,"11/22/2025 1 a.m. EST",14649
NYIS,"11/22/2025 2 a.m. EST",14157
NYIS,"11/22/2025 3 a.m. EST",13819
NYIS,"11/22/2025 4 a.m. EST",13644
NYIS,"11/22/2025 5 a.m. EST",13687
NYIS,"11/22/2025 6 a.m. EST",14013
NYIS,"11/22/2025 7 a.m. EST",14607
NYIS,"11/22/2025 8 a.m. EST",15185
NYIS,"11/22/2025 9 a.m. EST",15550
NYIS,"11/22/2025 10 a.m. EST",15510
NYIS,"11/22/2025 11 a.m. EST",15384
NYIS,"11/22/2025 12 p.m. EST",15340
NYIS,"11/22/2025 1 p.m. EST",15243
NYIS,"11/22/2025 2 p.m. EST",15219
NYIS,"11/22/2025 3 p.m. EST",15479
NYIS,"11/22/2025 4 p.m. EST",16103
NYIS,"11/22/2025 5 p.m. EST",17161
NYIS,"11/22/2025 6 p.m. EST",17859
NYIS,"11/22/2025 7 p.m. EST",17818
NYIS,"11/22/2025 8 p.m. EST",17578
NYIS,"11/22/2025 9 p.m. EST",17263
NYIS,"11/22/2025 10 p.m. EST",16851
NYIS,"11/22/2025 11 p.m. EST",16254
NYIS,"11/23/2025 12 a.m. EST",15613
NYIS,"11/23/2025 1 a.m. EST",15104
NYIS,"11/23/2025 2 a.m. EST",14704
NYIS,"11/23/2025 3 a.m. EST",14427
NYIS,"11/23/2025 4 a.m. EST",14274
NYIS,"11/23/2025 5 a.m. EST",14322
NYIS,"11/23/2025 6 a.m. EST",14579
NYIS,"11/23/2025 7 a.m. EST",15076
NYIS,"11/23/2025 8 a.m. EST",15496
NYIS,"11/23/2025 9 a.m. EST",15812
NYIS,"11/23/2025 10 a.m. EST",16000
NYIS,"11/23/2025 11 a.m. EST",16179
NYIS,"11/23/2025 12 p.m. EST",16442
NYIS,"11/23/2025 1 p.m. EST",16714
NYIS,"11/23/2025 2 p.m. EST",16921
NYIS,"11/23/2025 3 p.m. EST",16974
NYIS,"11/23/2025 4 p.m. EST",17293
NYIS,"11/23/2025 5 p.m. EST",17943
NYIS,"11/23/2025 6 p.m. EST",18588
NYIS,"11/23/2025 7 p.m. EST",18453
NYIS,"11/23/2025 8 p.m. EST",18108
NYIS,"11/23/2025 9 p.m. EST",17690
NYIS,"11/23/2025 10 p.m. EST",17003
NYIS,"11/23/2025 11 p.m. EST",16111
NYIS,"11/24/2025 12 a.m. EST",15268
NYIS,"11/24/2025 1 a.m. EST",14689
NYIS,"11/24/2025 2 a.m. EST",14251
NYIS,"11/24/2025 3 a.m. EST",13974
NYIS,"11/24/2025 4 a.m. EST",13896
NYIS,"11/24/2025 5 a.m. EST",14164
NYIS,"11/24/2025 6 a.m. EST",15038
NYIS,"11/24/2025 7 a.m. EST",16494
NYIS,"11/24/2025 8 a.m. EST",17379
NYIS,"11/24/2025 9 a.m. EST",17157
NYIS,"11/24/2025 10 a.m. EST",16476
NYIS,"11/24/2025 11 a.m. EST",15922
NYIS,"11/24/2025 12 p.m. EST",15539
NYIS,"11/24/2025 1 p.m. EST",15256
NYIS,"11/24/2025 2 p.m. EST",15306
NYIS,"11/24/2025 3 p.m. EST",15959
NYIS,"11/24/2025 4 p.m. EST",17194
NYIS,"11/24/2025 5 p.m. EST",18395
NYIS,"11/24/2025 6 p.m. EST",19179
NYIS,"11/24/2025 7 p.m. EST",19068
NYIS,"11/24/2025 8 p.m. EST",18773
NYIS,"11/24/2025 9 p.m. EST",18307
NYIS,"11/24/2025 10 p.m. EST",17566
NYIS,"11/24/2025 11 p.m. EST",16601
NYIS,"11/25/2025 12 a.m. EST",15610
NYIS,"11/25/2025 1 a.m. EST",14944
NYIS,"11/25/2025 2 a.m. EST",14455
NYIS,"11/25/2025 3 a.m. EST",14157
NYIS,"11/25/2025 4 a.m. EST",14047
NYIS,"11/25/2025 5 a.m. EST",14287
NYIS,"11/25/2025 6 a.m. EST",15055
NYIS,"11/25/2025 7 a.m. EST",16422
NYIS,"11/25/2025 8 a.m. EST",17400
NYIS,"11/25/2025 9 a.m. EST",17494
NYIS,"11/25/2025 10 a.m. EST",17404
NYIS,"11/25/2025 11 a.m. EST",17302
NYIS,"11/25/2025 12 p.m. EST",17265
NYIS,"11/25/2025 1 p.m. EST",17276
NYIS,"11/25/2025 2 p.m. EST",17659
NYIS,"11/25/2025 3 p.m. EST",17888
NYIS,"11/25/2025 4 p.m. EST",18100
NYIS,"11/25/2025 5 p.m. EST",18688
NYIS,"11/25/2025 6 p.m. EST",19054
NYIS,"11/25/2025 7 p.m. EST",18803
NYIS,"11/25/2025 8 p.m. EST",18393
NYIS,"11/25/2025 9 p.m. EST",17837
NYIS,"11/25/2025 10 p.m. EST",17073
NYIS,"11/25/2025 11 p.m. EST",16137
NYIS,"11/26/2025 12 a.m. EST",15181
